Date,Clicks,LostToBudget,ImprShare,LostToRank,ConvValue,Conversions,Cost,Impressions,campaign.resourceName,Campaign,CampaignId
2024-11-02,651,0.23896409652736905,0.7327839905826957,0.028251912889935255,1502.47253921,7.594904,253.436062,1319,customers/7415198088/campaigns/19565503,S | Brand - AU - SP (tROAS 810),19565503
2024-11-02,49,0.45752608047690013,0.26937406855439644,0.27309985096870343,374.89,2,53.06,721,customers/7415198088/campaigns/986628143,S | Non-Brand - Top Brands - AU (tROAS 520 was340),986628143
2024-11-02,19,0.6129714487134297,0.0999,0.32217130771942193,0,0,36.34,188,customers/7415198088/campaigns/16214868412,S | Non-Brand - Swim Essentials - AU (tROAS 200 was150),16214868412
2024-11-02,1011,0.027936911066537756,0.0999,0.9001,1964.1137963,17.381717,613.285771,46414,customers/7415198088/campaigns/18138683269,PMax | Swimwear - AU (tROAS 910 was780),18138683269
2024-11-02,130,0.06495263870094722,0.0999,0.8669373026612539,240,1,74.782872,8242,customers/7415198088/campaigns/20258918572,PMax | Zombies - AU (tROAS 850 was 416),20258918572
2024-11-02,74,0.6424489795918368,0.1193469387755102,0.23820408163265305,603.58,4,78.7,732,customers/7415198088/campaigns/20393167110,S | Non-Brand - Features - AU (tROAS 360 was 320),20393167110
2024-11-02,95,0,0.10234977245286524,0.8976502275471347,262.87,3,88.58,1110,customers/7415198088/campaigns/20402832475,S | Non-Brand - Categories - AU (tROAS 800 was 320),20402832475
2024-11-02,280,0,0.19596124241601015,0.8040387575839899,1262.80615765,6.924949,243.06319,2519,customers/7415198088/campaigns/20555597452,PMax | Exc. Swimwear - AU (tROAS 800 was 600),20555597452
2024-11-02,45,0.060625078448600475,0.0999,0.9001,0,0,33.976651,2738,customers/7415198088/campaigns/21509225976,PMax | Swimwear - US (MCV),21509225976
2024-11-02,39,0.4359187059311489,0.2978017420157611,0.26627955205309,0,0,48.275572,718,customers/7415198088/campaigns/21818609734,S | Non-Brand - Top Brands - AU (tROAS 520 was340)  Trial 390,21818609734
2024-11-01,590,0.1450676982591876,0.7382333978078659,0.11669890393294649,3368.287032012,18.884388,239.223356,1243,customers/7415198088/campaigns/19565503,S | Brand - AU - SP (tROAS 810),19565503
2024-11-01,43,0.4506736201651456,0.2781399391568883,0.2711864406779661,246.02389719,0.911571,48.296153,638,customers/7415198088/campaigns/986628143,S | Non-Brand - Top Brands - AU (tROAS 520 was340),986628143
2024-11-01,17,0.7410795974382434,0.0999,0.18344007319304667,79.94,1,29.64,166,customers/7415198088/campaigns/16214868412,S | Non-Brand - Swim Essentials - AU (tROAS 200 was150),16214868412
2024-11-01,770,0.0232486580737803,0.0999,0.9001,2311.331038393,18.092154,433.920992,37320,customers/7415198088/campaigns/18138683269,PMax | Swimwear - AU (tROAS 910 was780),18138683269
2024-11-01,129,0.022275258552108195,0.0999,0.9001,1284.556342638,7.829615,66.940414,6551,customers/7415198088/campaigns/20258918572,PMax | Zombies - AU (tROAS 850 was 416),20258918572
2024-11-01,71,0.48805900257550927,0.11718567080309061,0.3947553266214001,368.669999767,4,75.397776,1002,customers/7415198088/campaigns/20393167110,S | Non-Brand - Features - AU (tROAS 360 was 320),20393167110
2024-11-01,90,0,0.0999,0.9001,539.8097147,4.924803,73.529187,992,customers/7415198088/campaigns/20402832475,S | Non-Brand - Categories - AU (tROAS 800 was 320),20402832475
2024-11-01,218,0,0.1916320664324497,0.8083679335675503,2410.24652495,10.657912,180.064268,1962,customers/7415198088/campaigns/20555597452,PMax | Exc. Swimwear - AU (tROAS 800 was 600),20555597452
2024-11-01,54,0.004434589800443459,0.0999,0.9001,0,0,35.255365,2845,customers/7415198088/campaigns/21509225976,PMax | Swimwear - US (MCV),21509225976
2024-11-01,37,0.44157608695652173,0.2860054347826087,0.27241847826086957,279.85,2,48.34,420,customers/7415198088/campaigns/21818609734,S | Non-Brand - Top Brands - AU (tROAS 520 was340)  Trial 390,21818609734
2024-10-31,412,0.37095435684647304,0.6215767634854772,0.007468879668049793,1874.60832318,12.713242,210.65736,833,customers/7415198088/campaigns/19565503,S | Brand - AU - SP (tROAS 810),19565503
2024-10-31,31,0.2114914425427873,0.3251833740831296,0.4633251833740831,0,0,43.697222,265,customers/7415198088/campaigns/986628143,S | Non-Brand - Top Brands - AU (tROAS 520 was340),986628143
2024-10-31,15,0.7416820702402958,0.0999,0.19038817005545286,0,0,24.33,148,customers/7415198088/campaigns/16214868412,S | Non-Brand - Swim Essentials - AU (tROAS 200 was150),16214868412
2024-10-31,896,0.007399577167019027,0.0999,0.9001,4083.946052892,31.495814,568.65239,35359,customers/7415198088/campaigns/18138683269,PMax | Swimwear - AU (tROAS 910 was780),18138683269
2024-10-31,113,0,0.0999,0.9001,735.753136588,5.655063,48.353325,5788,customers/7415198088/campaigns/20258918572,PMax | Zombies - AU (tROAS 850 was 416),20258918572
2024-10-31,71,0.6216675157072508,0.12124299541518084,0.25708948887756833,347.1793254,2.975892,68.76403,716,customers/7415198088/campaigns/20393167110,S | Non-Brand - Features - AU (tROAS 360 was 320),20393167110
2024-10-31,95,0,0.0999,0.9001,248.81,2.5,73.96,893,customers/7415198088/campaigns/20402832475,S | Non-Brand - Categories - AU (tROAS 800 was 320),20402832475
2024-10-31,306,0.011532625189681336,0.18462316641375823,0.8038442083965605,1086.801595863,7.304574,188.945087,2027,customers/7415198088/campaigns/20555597452,PMax | Exc. Swimwear - AU (tROAS 800 was 600),20555597452
2024-10-31,40,0.1511627906976744,0.0999,0.8338060124787294,109.95,1,28.623635,2418,customers/7415198088/campaigns/21509225976,PMax | Swimwear - US (MCV),21509225976
2024-10-31,37,0.21637866265965439,0.32381667918858004,0.4598046581517656,0,0,42.965803,431,customers/7415198088/campaigns/21818609734,S | Non-Brand - Top Brands - AU (tROAS 520 was340)  Trial 390,21818609734
2024-10-30,365,0.5204888569374551,0.4716031631919482,0.007907979870596693,2144.60565648,14.492021,228.090755,742,customers/7415198088/campaigns/19565503,S | Brand - AU - SP (tROAS 810),19565503
2024-10-30,34,0.6174458380843786,0.26396807297605474,0.11858608893956671,0,0,46.064403,463,customers/7415198088/campaigns/986628143,S | Non-Brand - Top Brands - AU (tROAS 520 was340),986628143
2024-10-30,18,0.7642925582880868,0.0999,0.15681890769722134,108.94,1,26.56,248,customers/7415198088/campaigns/16214868412,S | Non-Brand - Swim Essentials - AU (tROAS 200 was150),16214868412
2024-10-30,1149,0.06796470093850679,0.17883923985618902,0.7531960592053042,4505.635008468,35.10659,756.91195,46017,customers/7415198088/campaigns/18138683269,PMax | Swimwear - AU (tROAS 910 was780),18138683269
2024-10-30,138,0,0.39429237041351195,0.605707629586488,984.92596964,6.282203,62.641927,5931,customers/7415198088/campaigns/20258918572,PMax | Zombies - AU (tROAS 850 was 416),20258918572
2024-10-30,63,0.7093788930414665,0.10695853354689447,0.18366257341163908,0,0,80.24688,600,customers/7415198088/campaigns/20393167110,S | Non-Brand - Features - AU (tROAS 360 was 320),20393167110
2024-10-30,94,0.1305962658100783,0.0999,0.7793615739811283,680.58,4,81.958333,901,customers/7415198088/campaigns/20402832475,S | Non-Brand - Categories - AU (tROAS 800 was 320),20402832475
2024-10-30,428,0.02736318407960199,0.21046939216958685,0.7621674237508111,2117.095549534,12.796794,227.518824,2111,customers/7415198088/campaigns/20555597452,PMax | Exc. Swimwear - AU (tROAS 800 was 600),20555597452
2024-10-30,39,0.001755926251097454,0.18148752038128685,0.8167565533676157,0,0,21.26,3262,customers/7415198088/campaigns/21509225976,PMax | Swimwear - US (MCV),21509225976
2024-10-30,37,0.6005767844268205,0.3049747656813266,0.09444844989185291,79.92,1,43.899503,422,customers/7415198088/campaigns/21818609734,S | Non-Brand - Top Brands - AU (tROAS 520 was340)  Trial 390,21818609734
2024-10-29,505,0.32797202797202796,0.6489510489510489,0.023076923076923078,3959.905286536,43.649811,229.525062,1030,customers/7415198088/campaigns/19565503,S | Brand - AU - SP (tROAS 810),19565503
2024-10-29,28,0.6555023923444976,0.26854066985645936,0.07595693779904306,0,0,44.579201,449,customers/7415198088/campaigns/986628143,S | Non-Brand - Top Brands - AU (tROAS 520 was340),986628143
2024-10-29,15,0.8324348607367476,0.0999,0.08355795148247978,0,0,29.19,193,customers/7415198088/campaigns/16214868412,S | Non-Brand - Swim Essentials - AU (tROAS 200 was150),16214868412
2024-10-29,1090,0.01203174851559172,0.1773031148666858,0.8106651366177224,3028.945222616,38.324144,704.569553,43630,customers/7415198088/campaigns/18138683269,PMax | Swimwear - AU (tROAS 910 was780),18138683269
2024-10-29,95,0.04803749267721148,0.44053895723491504,0.5114235500878734,609.914999775,3.5,41.84,3996,customers/7415198088/campaigns/20258918572,PMax | Zombies - AU (tROAS 850 was 416),20258918572
2024-10-29,21,0.8522483940042827,0.0999,0.06723768736616702,219.98,1,21.72,189,customers/7415198088/campaigns/20393167110,S | Non-Brand - Features - AU (tROAS 360 was 320),20393167110
2024-10-29,25,0.4941776997926304,0.0999,0.453979901100654,453.82,3,27.75,328,customers/7415198088/campaigns/20402832475,S | Non-Brand - Categories - AU (tROAS 800 was 320),20402832475
2024-10-29,276,0.022502250225022502,0.20232023202320232,0.7751775177517751,508.4506989,7.611461,224.38096,2185,customers/7415198088/campaigns/20555597452,PMax | Exc. Swimwear - AU (tROAS 800 was 600),20555597452
2024-10-29,19,0.20797839185539166,0.1192603365884064,0.6727612715562019,0,0,30.552138,1375,customers/7415198088/campaigns/21509225976,PMax | Swimwear - US (MCV),21509225976
2024-10-29,29,0.6470588235294118,0.277526395173454,0.07541478129713423,52.47,0.5,48.87,369,customers/7415198088/campaigns/21818609734,S | Non-Brand - Top Brands - AU (tROAS 520 was340)  Trial 390,21818609734
2024-10-28,328,0.48878314072059825,0.4493541808293678,0.061862678450033994,1781.469062167,31.884128,223.152757,736,customers/7415198088/campaigns/19565503,S | Brand - AU - SP (tROAS 810),19565503
2024-10-28,42,0.6070060207991242,0.3092501368363437,0.08374384236453201,127.540924968,1.524108,44.806012,565,customers/7415198088/campaigns/986628143,S | Non-Brand - Top Brands - AU (tROAS 520 was340),986628143
2024-10-28,13,0.8431008902077152,0.0999,0.0897626112759644,120.97,1,28.34,185,customers/7415198088/campaigns/16214868412,S | Non-Brand - Swim Essentials - AU (tROAS 200 was150),16214868412
2024-10-28,1203,0.015420374791983214,0.17422762462918748,0.8103520005788293,5633.927209628,58.159896,722.861016,41074,customers/7415198088/campaigns/18138683269,PMax | Swimwear - AU (tROAS 910 was780),18138683269
2024-10-28,89,0.015088645794039984,0.3449641644662392,0.6399471897397209,498.534813869,3.490381,37.315281,4982,customers/7415198088/campaigns/20258918572,PMax | Zombies - AU (tROAS 850 was 416),20258918572
2024-10-28,15,0.797067448680352,0.0999,0.13401759530791788,0,0,22.05,235,customers/7415198088/campaigns/20393167110,S | Non-Brand - Features - AU (tROAS 360 was 320),20393167110
2024-10-28,30,0.7436915887850467,0.0999,0.18691588785046728,111.85125199,3.200853,27.85,300,customers/7415198088/campaigns/20402832475,S | Non-Brand - Categories - AU (tROAS 800 was 320),20402832475
2024-10-28,280,0.0042941492216854536,0.15233494363929145,0.8433709071390231,1340.767696266,15.907785,168.444719,1551,customers/7415198088/campaigns/20555597452,PMax | Exc. Swimwear - AU (tROAS 800 was 600),20555597452
2024-10-28,43,0.0663093904975204,0.10846264597664373,0.8252279635258358,254.2596,1,28.77,2948,customers/7415198088/campaigns/21509225976,PMax | Swimwear - US (MCV),21509225976
2024-10-28,40,0.6386167146974063,0.27204610951008645,0.0893371757925072,119.99,1,48.18,472,customers/7415198088/campaigns/21818609734,S | Non-Brand - Top Brands - AU (tROAS 520 was340)  Trial 390,21818609734
2024-10-27,656,0.3619631901840491,0.6312883435582822,0.006748466257668712,4491.220511842,84.558712,231.856724,1174,customers/7415198088/campaigns/19565503,S | Brand - AU - SP (tROAS 810),19565503
2024-10-27,26,0.6711798839458414,0.25822050290135395,0.07059961315280464,313.050084533,3.182437,47.36,266,customers/7415198088/campaigns/986628143,S | Non-Brand - Top Brands - AU (tROAS 520 was340),986628143
2024-10-27,17,0.7952144188937228,0.0999,0.13144810441267868,0,0,29.52,239,customers/7415198088/campaigns/16214868412,S | Non-Brand - Swim Essentials - AU (tROAS 200 was150),16214868412
2024-10-27,1666,0.015007366714297348,0.1862112877312741,0.7987813455544286,6545.347280397,64.619693,1047.778515,53870,customers/7415198088/campaigns/18138683269,PMax | Swimwear - AU (tROAS 910 was780),18138683269
2024-10-27,128,0.036036036036036036,0.42917054986020503,0.5347934141037589,1265.123340811,6.662912,51.35,7335,customers/7415198088/campaigns/20258918572,PMax | Zombies - AU (tROAS 850 was 416),20258918572
2024-10-27,20,0.8553127354935945,0.0999,0.0693293142426526,512.10638796,3.197906,22.3,200,customers/7415198088/campaigns/20393167110,S | Non-Brand - Features - AU (tROAS 360 was 320),20393167110
2024-10-27,31,0.6833163438668026,0.0999,0.25348284063880394,733.95107147,3.97952,28.11,376,customers/7415198088/campaigns/20402832475,S | Non-Brand - Categories - AU (tROAS 800 was 320),20402832475
2024-10-27,179,0.12256646430814319,0.12507850115135022,0.7523550345405066,922.02643456,14.422353,212.284079,1277,customers/7415198088/campaigns/20555597452,PMax | Exc. Swimwear - AU (tROAS 800 was 600),20555597452
2024-10-27,33,0.4211433046202036,0.14925606891151136,0.42960062646828506,0,0,46.274074,2300,customers/7415198088/campaigns/21509225976,PMax | Swimwear - US (MCV),21509225976
2024-10-27,43,0.6736081597960051,0.2541436464088398,0.07224819379515512,119.991204443,1,47.232818,596,customers/7415198088/campaigns/21818609734,S | Non-Brand - Top Brands - AU (tROAS 520 was340)  Trial 390,21818609734
2024-10-26,474,0.331222292590247,0.5547815072830906,0.11399620012666245,2567.652882613,83.5219,259.046196,1032,customers/7415198088/campaigns/19565503,S | Brand - AU - SP (tROAS 810),19565503
2024-10-26,37,0.636594663278272,0.2909783989834816,0.0724269377382465,79.94,1.294117,55.68,457,customers/7415198088/campaigns/986628143,S | Non-Brand - Top Brands - AU (tROAS 520 was340),986628143
2024-10-26,16,0.8501613646841862,0.0999,0.07284462886122638,0,0,30.65,168,customers/7415198088/campaigns/16214868412,S | Non-Brand - Swim Essentials - AU (tROAS 200 was150),16214868412
2024-10-26,1260,0.007685148251562292,0.1691884944377964,0.8231263573106413,5512.40426468,61.580106,842.154417,38687,customers/7415198088/campaigns/18138683269,PMax | Swimwear - AU (tROAS 910 was780),18138683269
2024-10-26,80,0.00624512099921936,0.3914910226385636,0.602263856362217,339.52205816,2.996364,32.228769,5552,customers/7415198088/campaigns/20258918572,PMax | Zombies - AU (tROAS 850 was 416),20258918572
2024-10-26,19,0.8560460652591171,0.0999,0.07485604606525911,250.3881284,2.008316,21.38,151,customers/7415198088/campaigns/20393167110,S | Non-Brand - Features - AU (tROAS 360 was 320),20393167110
2024-10-26,27,0.4946530713752798,0.0999,0.4577219597115145,0,0,27.91,387,customers/7415198088/campaigns/20402832475,S | Non-Brand - Categories - AU (tROAS 800 was 320),20402832475
2024-10-26,300,0.040235829540753,0.2040752999586264,0.7556888705006206,1520.821601892,14.431661,297.436443,2088,customers/7415198088/campaigns/20555597452,PMax | Exc. Swimwear - AU (tROAS 800 was 600),20555597452
2024-10-26,34,0.006070171178827243,0.1453198980211242,0.8486099308000485,0,1,18.389101,2808,customers/7415198088/campaigns/21509225976,PMax | Swimwear - US (MCV),21509225976
2024-10-26,34,0.6870310825294748,0.21382636655948553,0.09914255091103966,0,1,46.39,398,customers/7415198088/campaigns/21818609734,S | Non-Brand - Top Brands - AU (tROAS 520 was340)  Trial 390,21818609734
2024-10-25,412,0.24426350851221318,0.5840118430792006,0.17172464840858623,3100.748568433,54.699033,244.543754,869,customers/7415198088/campaigns/19565503,S | Brand - AU - SP (tROAS 810),19565503
2024-10-25,29,0.5061728395061729,0.20759030635573844,0.2862368541380887,319.954697543,2,42.72,454,customers/7415198088/campaigns/986628143,S | Non-Brand - Top Brands - AU (tROAS 520 was340),986628143
2024-10-25,13,0.7182067703568161,0.0999,0.19243671851174138,0,0,29.72,293,customers/7415198088/campaigns/16214868412,S | Non-Brand - Swim Essentials - AU (tROAS 200 was150),16214868412
2024-10-25,788,0.0022014921224385417,0.15630594069313647,0.841492567184425,3924.002027193,38.967072,595.595639,28657,customers/7415198088/campaigns/18138683269,PMax | Swimwear - AU (tROAS 910 was780),18138683269
2024-10-25,81,0.09816239987435213,0.27281294173079945,0.6290246583948484,1096.108980194,7.741447,53.35,4475,customers/7415198088/campaigns/20258918572,PMax | Zombies - AU (tROAS 850 was 416),20258918572
2024-10-25,20,0.7611994219653179,0.0999,0.14017341040462428,0,0,21.49,273,customers/7415198088/campaigns/20393167110,S | Non-Brand - Features - AU (tROAS 360 was 320),20393167110
2024-10-25,30,0.27057356608478805,0.0999,0.6564837905236908,239.97999974,2,27.71,350,customers/7415198088/campaigns/20402832475,S | Non-Brand - Categories - AU (tROAS 800 was 320),20402832475
2024-10-25,282,0,0.1908250270205356,0.8091749729794644,3787.347867062,26.431299,194.214062,1762,customers/7415198088/campaigns/20555597452,PMax | Exc. Swimwear - AU (tROAS 800 was 600),20555597452
2024-10-25,40,0.1397219550581446,0.0999,0.7732797062166652,0,0,36.97,2638,customers/7415198088/campaigns/21509225976,PMax | Swimwear - US (MCV),21509225976
2024-10-25,21,0.5067873303167421,0.2066365007541478,0.2865761689291101,0,0,51.41,274,customers/7415198088/campaigns/21818609734,S | Non-Brand - Top Brands - AU (tROAS 520 was340)  Trial 390,21818609734
2024-10-24,484,0.346069066862601,0.6289493019838354,0.024981631153563555,3126.399625968,53.746275,243.564964,936,customers/7415198088/campaigns/19565503,S | Brand - AU - SP (tROAS 810),19565503
2024-10-24,32,0.5536149471974005,0.1933387489845654,0.2530463038180341,841.925838824,3.853417,46.639653,476,customers/7415198088/campaigns/986628143,S | Non-Brand - Top Brands - AU (tROAS 520 was340),986628143
2024-10-24,15,0.7209236834694452,0.0999,0.1979724021402422,0,0,32.11,296,customers/7415198088/campaigns/16214868412,S | Non-Brand - Swim Essentials - AU (tROAS 200 was150),16214868412
2024-10-24,832,0.0061174507769804175,0.15592013090489076,0.8379624183181288,6745.109189537,45.281567,530.562062,29795,customers/7415198088/campaigns/18138683269,PMax | Swimwear - AU (tROAS 910 was780),18138683269
2024-10-24,86,0.007430181911350244,0.3535741737125288,0.6389956443761209,666.41609368,5.155022,31.82,4049,customers/7415198088/campaigns/20258918572,PMax | Zombies - AU (tROAS 850 was 416),20258918572
2024-10-24,20,0.7990083905415714,0.0999,0.13539282990083906,0,0.909091,23.45,172,customers/7415198088/campaigns/20393167110,S | Non-Brand - Features - AU (tROAS 360 was 320),20393167110
2024-10-24,34,0.2378198641029348,0.0999,0.6974121729073298,109.98,2,29.564117,453,customers/7415198088/campaigns/20402832475,S | Non-Brand - Categories - AU (tROAS 800 was 320),20402832475
2024-10-24,251,0,0.17896482293023808,0.8210351770697619,1233.226874537,15.460791,184.556531,1640,customers/7415198088/campaigns/20555597452,PMax | Exc. Swimwear - AU (tROAS 800 was 600),20555597452
2024-10-24,27,0.38111490329920367,0.0999,0.5410188345341929,407.08737473,1,24.97,1604,customers/7415198088/campaigns/21509225976,PMax | Swimwear - US (MCV),21509225976
2024-10-24,28,0.5471698113207547,0.19137466307277629,0.261455525606469,0,0,49.03,426,customers/7415198088/campaigns/21818609734,S | Non-Brand - Top Brands - AU (tROAS 520 was340)  Trial 390,21818609734
2024-10-23,524,0.12380191693290735,0.6916932907348243,0.18450479233226838,3058.870891273,49.326538,245.398118,964,customers/7415198088/campaigns/19565503,S | Brand - AU - SP (tROAS 810),19565503
2024-10-23,33,0.5142539800074046,0.2165864494631618,0.26915957052943357,139.99,1.5,55.826111,585,customers/7415198088/campaigns/986628143,S | Non-Brand - Top Brands - AU (tROAS 520 was340),986628143
2024-10-23,17,0.7402707275803723,0.0999,0.17681895093062605,0,0,29.97,305,customers/7415198088/campaigns/16214868412,S | Non-Brand - Swim Essentials - AU (tROAS 200 was150),16214868412
2024-10-23,884,0.009889038039961757,0.1585529556055587,0.8315580063544795,3037.674337381,31.499356,581.511042,32955,customers/7415198088/campaigns/18138683269,PMax | Swimwear - AU (tROAS 910 was780),18138683269
2024-10-23,107,0.12363067292644757,0.4140149539210572,0.4623543731524952,931.72436426,5.14606,65.25,6645,customers/7415198088/campaigns/20258918572,PMax | Zombies - AU (tROAS 850 was 416),20258918572
2024-10-23,21,0.7672794117647059,0.0999,0.14375,279.83,2,22.88,243,customers/7415198088/campaigns/20393167110,S | Non-Brand - Features - AU (tROAS 360 was 320),20393167110
2024-10-23,33,0.4296551724137931,0.0999,0.5185057471264368,375.11610184,3.003636,30.315254,461,customers/7415198088/campaigns/20402832475,S | Non-Brand - Categories - AU (tROAS 800 was 320),20402832475
2024-10-23,225,0.005804867157847734,0.1732529582496093,0.8209421745925429,4272.762370167,18.689903,161.362095,1644,customers/7415198088/campaigns/20555597452,PMax | Exc. Swimwear - AU (tROAS 800 was 600),20555597452
2024-10-23,35,0.0450852667788919,0.10122227914806411,0.853692454073044,0,0,26.25,3054,customers/7415198088/campaigns/21509225976,PMax | Swimwear - US (MCV),21509225976
2024-10-23,39,0.5202156334231806,0.15858041329739442,0.32120395327942497,309.8,2,51.43,356,customers/7415198088/campaigns/21818609734,S | Non-Brand - Top Brands - AU (tROAS 520 was340)  Trial 390,21818609734
2024-10-22,314,0.47183098591549294,0.5269953051643192,0.0011737089201877935,1802.602395475,37.802135,190.121135,506,customers/7415198088/campaigns/19565503,S | Brand - AU - SP (tROAS 810),19565503
2024-10-22,41,0.6835579514824798,0.2393530997304582,0.07708894878706199,169.8026473,0.999427,49.816945,444,customers/7415198088/campaigns/986628143,S | Non-Brand - Top Brands - AU (tROAS 520 was340),986628143
2024-10-22,25,0.8182711198428291,0.0999,0.09659462999345121,176.97,1,31.69,268,customers/7415198088/campaigns/16214868412,S | Non-Brand - Swim Essentials - AU (tROAS 200 was150),16214868412
2024-10-22,1036,0.005135033914527069,0.15437559818567684,0.8404893678997961,4754.475483413,43.105921,654.190922,36474,customers/7415198088/campaigns/18138683269,PMax | Swimwear - AU (tROAS 910 was780),18138683269
2024-10-22,60,0.000343878954607978,0.5484869325997249,0.4511691884456671,2196.32014337,10.317216,25.34,4456,customers/7415198088/campaigns/20258918572,PMax | Zombies - AU (tROAS 850 was 416),20258918572
2024-10-22,19,0.8728862973760932,0.0999,0.043731778425655975,169.9,1,22.54,145,customers/7415198088/campaigns/20393167110,S | Non-Brand - Features - AU (tROAS 360 was 320),20393167110
2024-10-22,43,0.22115678873814137,0.0999,0.7014179332857289,369.8,2,28.59,767,customers/7415198088/campaigns/20402832475,S | Non-Brand - Categories - AU (tROAS 800 was 320),20402832475
2024-10-22,422,0.00484214603912454,0.1621150493898896,0.8330428045709859,2985.22682001,31.948351,193.628798,1811,customers/7415198088/campaigns/20555597452,PMax | Exc. Swimwear - AU (tROAS 800 was 600),20555597452
2024-10-22,27,0.09916680280999837,0.0999,0.8600310406796275,0,0,35.88,2291,customers/7415198088/campaigns/21509225976,PMax | Swimwear - US (MCV),21509225976
2024-10-22,85,0.6859083191850595,0.31069609507640067,0.003395585738539898,471.83,10.936147,46.204373,193,customers/7415198088/campaigns/21769637191,S | Brand - AU - SP (tCPA 6.60) Exp: (tROAS 810),21769637191
2024-10-22,37,0.6895343014521783,0.2328492739108663,0.07761642463695544,0,0.714285,45.426838,466,customers/7415198088/campaigns/21818609734,S | Non-Brand - Top Brands - AU (tROAS 520 was340)  Trial 390,21818609734
2024-10-21,243,0.45374449339207046,0.5286343612334802,0.01762114537444934,2343.69323922,33.910704,167.676021,537,customers/7415198088/campaigns/19565503,S | Brand - AU - SP (tROAS 810),19565503
2024-10-21,38,0.41338783852835975,0.2335206949412366,0.3530914665304037,697.735793238,3.315201,72.78,458,customers/7415198088/campaigns/986628143,S | Non-Brand - Top Brands - AU (tROAS 520 was340),986628143
2024-10-21,22,0.6295825386734477,0.0999,0.30514939605848695,0,0,43.05,314,customers/7415198088/campaigns/16214868412,S | Non-Brand - Swim Essentials - AU (tROAS 200 was150),16214868412
2024-10-21,1038,0.007642319130368475,0.15303278063493947,0.8393249002346921,4746.447616493,45.580318,704.833914,36669,customers/7415198088/campaigns/18138683269,PMax | Swimwear - AU (tROAS 910 was780),18138683269
2024-10-21,117,0.32419483630556295,0.34176204418418954,0.3340431195102475,514.16598994,5.849829,54.704582,6655,customers/7415198088/campaigns/20258918572,PMax | Zombies - AU (tROAS 850 was 416),20258918572
2024-10-21,22,0.7769598822230401,0.0999,0.1494295178505705,96.2309668,0.91666,30.33,200,customers/7415198088/campaigns/20393167110,S | Non-Brand - Features - AU (tROAS 360 was 320),20393167110
2024-10-21,43,0.4261931187569367,0.0999,0.520936333366966,459.85,3,42.1,539,customers/7415198088/campaigns/20402832475,S | Non-Brand - Categories - AU (tROAS 800 was 320),20402832475
2024-10-21,350,0,0.14365500824024904,0.856344991759751,2877.929308129,28.127114,143.92297,1636,customers/7415198088/campaigns/20555597452,PMax | Exc. Swimwear - AU (tROAS 800 was 600),20555597452
2024-10-21,42,0.02307143423451994,0.11067945770237057,0.8662491080631095,0,0,18.073203,3041,customers/7415198088/campaigns/21509225976,PMax | Swimwear - US (MCV),21509225976
2024-10-21,197,0.6093943139678616,0.3726823238566131,0.01792336217552534,746.500192873,10.763295,177.270894,652,customers/7415198088/campaigns/21769637191,S | Brand - AU - SP (tCPA 6.60) Exp: (tROAS 810),21769637191
2024-10-21,50,0.4206602768903088,0.1966631167909123,0.38267660631877887,218.77454363,1.008777,65.064848,554,customers/7415198088/campaigns/21818609734,S | Non-Brand - Top Brands - AU (tROAS 520 was340)  Trial 390,21818609734
2024-10-20,165,0.4135593220338983,0.5694915254237288,0.01694915254237288,743.31011885,19.82469,165.736754,375,customers/7415198088/campaigns/19565503,S | Brand - AU - SP (tROAS 810),19565503
2024-10-20,50,0.5931246793227296,0.2863006670087224,0.12057465366854797,0,1.322581,75.03,556,customers/7415198088/campaigns/986628143,S | Non-Brand - Top Brands - AU (tROAS 520 was340),986628143
2024-10-20,26,0.8229336818033323,0.0999,0.0914733747141457,13.17493452,1.671281,42.18,271,customers/7415198088/campaigns/16214868412,S | Non-Brand - Swim Essentials - AU (tROAS 200 was150),16214868412
2024-10-20,1499,0.025584898554818058,0.1735865932307113,0.8008285082144706,7130.297774414,66.317131,1054.356378,43438,customers/7415198088/campaigns/18138683269,PMax | Swimwear - AU (tROAS 910 was780),18138683269
2024-10-20,135,0.08324502531496526,0.3597079948192629,0.5570469798657718,2594.214816649,11.438499,69.258165,8180,customers/7415198088/campaigns/20258918572,PMax | Zombies - AU (tROAS 850 was 416),20258918572
2024-10-20,22,0.805988515176374,0.0999,0.12633305988515175,0,0,32.35,167,customers/7415198088/campaigns/20393167110,S | Non-Brand - Features - AU (tROAS 360 was 320),20393167110
2024-10-20,48,0.4893593314763231,0.0999,0.45593314763231196,144.93,1,40.05,498,customers/7415198088/campaigns/20402832475,S | Non-Brand - Categories - AU (tROAS 800 was 320),20402832475
2024-10-20,388,0.024725035549493603,0.0999,0.8853420006384399,2947.793412452,27.821315,297.995122,3220,customers/7415198088/campaigns/20555597452,PMax | Exc. Swimwear - AU (tROAS 800 was 600),20555597452
2024-10-20,29,0.5946185890869358,0.0999,0.3398210749163423,0,0,64.88,2324,customers/7415198088/campaigns/21509225976,PMax | Swimwear - US (MCV),21509225976
2024-10-20,286,0.5943247503941146,0.3536521282186022,0.05202312138728324,872.585795576,21.523009,177.868139,734,customers/7415198088/campaigns/21769637191,S | Brand - AU - SP (tCPA 6.60) Exp: (tROAS 810),21769637191
2024-10-20,37,0.5775656324582339,0.3233890214797136,0.09904534606205251,114.9,1,68.29894,271,customers/7415198088/campaigns/21818609734,S | Non-Brand - Top Brands - AU (tROAS 520 was340)  Trial 390,21818609734
2024-10-19,289,0.25997248968363135,0.7290233837689133,0.011004126547455296,1749.230439218,43.372903,187.478456,612,customers/7415198088/campaigns/19565503,S | Brand - AU - SP (tROAS 810),19565503
2024-10-19,48,0.5261685976827807,0.18457850579304835,0.289252896524171,434.12673555,1.485563,66.524985,462,customers/7415198088/campaigns/986628143,S | Non-Brand - Top Brands - AU (tROAS 520 was340),986628143
2024-10-19,27,0.738089360651691,0.0999,0.17131572451246604,0,0.5,44.61,377,customers/7415198088/campaigns/16214868412,S | Non-Brand - Swim Essentials - AU (tROAS 200 was150),16214868412
2024-10-19,1022,0.024985707139283928,0.15623883370256555,0.8187754591581505,5675.190691384,49.330745,697.725512,38381,customers/7415198088/campaigns/18138683269,PMax | Swimwear - AU (tROAS 910 was780),18138683269
2024-10-19,136,0.004197108658479714,0.4885745375408052,0.5072283538007151,1438.405885145,15.031156,63.8,8862,customers/7415198088/campaigns/20258918572,PMax | Zombies - AU (tROAS 850 was 416),20258918572
2024-10-19,29,0.7551795580110497,0.0999,0.1453729281767956,102.10787448,1.022092,32.79,289,customers/7415198088/campaigns/20393167110,S | Non-Brand - Features - AU (tROAS 360 was 320),20393167110
2024-10-19,49,0.23899108138238573,0.0999,0.6785117056856187,765.599999669,4,39.7,607,customers/7415198088/campaigns/20402832475,S | Non-Brand - Categories - AU (tROAS 800 was 320),20402832475
2024-10-19,402,0.002682470368059888,0.12404865876481597,0.8732688708671241,3727.013857305,31.605292,298.802433,4110,customers/7415198088/campaigns/20555597452,PMax | Exc. Swimwear - AU (tROAS 800 was 600),20555597452
2024-10-19,52,0.005896888689205885,0.0999,0.9001,0,0,39.274042,3107,customers/7415198088/campaigns/21509225976,PMax | Swimwear - US (MCV),21509225976
2024-10-19,315,0.5930232558139535,0.39787664307381193,0.00910010111223458,1385.026983141,42.667271,168.173345,869,customers/7415198088/campaigns/21769637191,S | Brand - AU - SP (tCPA 6.60) Exp: (tROAS 810),21769637191
2024-10-19,44,0.5253472222222222,0.17083333333333334,0.3038194444444444,219.979999495,2,69.174639,494,customers/7415198088/campaigns/21818609734,S | Non-Brand - Top Brands - AU (tROAS 520 was340)  Trial 390,21818609734
2024-10-18,228,0.2360655737704918,0.7524590163934426,0.011475409836065573,1044.509565263,29.402414,169.69415,519,customers/7415198088/campaigns/19565503,S | Brand - AU - SP (tROAS 810),19565503
2024-10-18,40,0.4188215345485375,0.21237812632471387,0.36880033912674864,117.9,1,73.115098,501,customers/7415198088/campaigns/986628143,S | Non-Brand - Top Brands - AU (tROAS 520 was340),986628143
2024-10-18,20,0.7109677419354838,0.0999,0.19,445.78,3,41.73,312,customers/7415198088/campaigns/16214868412,S | Non-Brand - Swim Essentials - AU (tROAS 200 was150),16214868412
2024-10-18,573,0.0030516189096927693,0.14449932760939277,0.8524490534809145,3262.544936313,32.486312,396.351589,24321,customers/7415198088/campaigns/18138683269,PMax | Swimwear - AU (tROAS 910 was780),18138683269
2024-10-18,93,0.007356899336084694,0.39906692984030145,0.5935761708236138,945.840575394,7.462646,53.589505,6249,customers/7415198088/campaigns/20258918572,PMax | Zombies - AU (tROAS 850 was 416),20258918572
2024-10-18,21,0.5765449438202247,0.0999,0.3256086142322097,39.99,1,33.73,418,customers/7415198088/campaigns/20393167110,S | Non-Brand - Features - AU (tROAS 360 was 320),20393167110
2024-10-18,38,0.19666145018257694,0.0999,0.7256129368805425,132.4727514,0.946572,39.94,447,customers/7415198088/campaigns/20402832475,S | Non-Brand - Categories - AU (tROAS 800 was 320),20402832475
2024-10-18,384,0.0199025293364916,0.10634648370497427,0.8737509869585341,2206.171552442,24.68544,297.594608,4032,customers/7415198088/campaigns/20555597452,PMax | Exc. Swimwear - AU (tROAS 800 was 600),20555597452
2024-10-18,42,0.3643895989422653,0.0999,0.5500220361392684,0,1,52.97958,2305,customers/7415198088/campaigns/21509225976,PMax | Swimwear - US (MCV),21509225976
2024-10-18,269,0.49344375431331955,0.47550034506556244,0.031055900621118012,1449.759762579,26.124513,176.144509,745,customers/7415198088/campaigns/21769637191,S | Brand - AU - SP (tCPA 6.60) Exp: (tROAS 810),21769637191
2024-10-18,41,0.42705882352941177,0.21411764705882352,0.3588235294117647,0,0,75.27,543,customers/7415198088/campaigns/21818609734,S | Non-Brand - Top Brands - AU (tROAS 520 was340)  Trial 390,21818609734
2024-10-17,163,0.2874015748031496,0.6929133858267716,0.01968503937007874,1208.024228763,27.192364,179.21368,403,customers/7415198088/campaigns/19565503,S | Brand - AU - SP (tROAS 810),19565503
2024-10-17,44,0.428341384863124,0.2313472893183038,0.3403113258185722,180.5085236,0.97588,70.292172,431,customers/7415198088/campaigns/986628143,S | Non-Brand - Top Brands - AU (tROAS 520 was340),986628143
2024-10-17,25,0.5889115993868166,0.0999,0.34006131834440473,104.99,1,46.6,285,customers/7415198088/campaigns/16214868412,S | Non-Brand - Swim Essentials - AU (tROAS 200 was150),16214868412
2024-10-17,722,0.0015408320493066256,0.17846460618145563,0.8199945617692378,3553.976718597,31.46055,447.817636,24699,customers/7415198088/campaigns/18138683269,PMax | Swimwear - AU (tROAS 910 was780),18138683269
2024-10-17,110,0.018514946962391515,0.5074252651880424,0.47405978784956604,869.718877658,6.712824,64.514115,6865,customers/7415198088/campaigns/20258918572,PMax | Zombies - AU (tROAS 850 was 416),20258918572
2024-10-17,33,0.7070607553366174,0.11395730706075534,0.17898193760262726,37.3468774,2.054111,35.53,352,customers/7415198088/campaigns/20393167110,S | Non-Brand - Features - AU (tROAS 360 was 320),20393167110
2024-10-17,37,0.2241737924659117,0.0999,0.7058007857638087,153.60269162,1.107657,47.2,304,customers/7415198088/campaigns/20402832475,S | Non-Brand - Categories - AU (tROAS 800 was 320),20402832475
2024-10-17,365,0.1251567640269725,0.0999,0.8085388683909195,2587.932132718,28.483576,306.807626,3741,customers/7415198088/campaigns/20555597452,PMax | Exc. Swimwear - AU (tROAS 800 was 600),20555597452
2024-10-17,45,0.06769646924829158,0.0999,0.8420415717539863,0,0,41.45,3253,customers/7415198088/campaigns/21509225976,PMax | Swimwear - US (MCV),21509225976
2024-10-17,294,0.533969010727056,0.4070321811680572,0.05899880810488677,1637.216788429,27.083173,175.482053,733,customers/7415198088/campaigns/21769637191,S | Brand - AU - SP (tCPA 6.60) Exp: (tROAS 810),21769637191
2024-10-17,35,0.40919199406968126,0.28687916975537436,0.30392883617494443,229.98,2,71.6,389,customers/7415198088/campaigns/21818609734,S | Non-Brand - Top Brands - AU (tROAS 520 was340)  Trial 390,21818609734
2024-10-16,145,0.39264990328820115,0.5725338491295938,0.03481624758220503,1521.285574707,30.013459,202.230354,343,customers/7415198088/campaigns/19565503,S | Brand - AU - SP (tROAS 810),19565503
2024-10-16,55,0.2490272373540856,0.311284046692607,0.4396887159533074,187.9,2,99.96,563,customers/7415198088/campaigns/986628143,S | Non-Brand - Top Brands - AU (tROAS 520 was340),986628143
2024-10-16,21,0.28437408384637936,0.0999,0.6649076517150396,237.81,2,49.57,182,customers/7415198088/campaigns/16214868412,S | Non-Brand - Swim Essentials - AU (tROAS 200 was150),16214868412
2024-10-16,689,0.006192903821808602,0.18364868101413076,0.8101584151640606,4333.369506139,46.096058,406.197641,22417,customers/7415198088/campaigns/18138683269,PMax | Swimwear - AU (tROAS 910 was780),18138683269
2024-10-16,110,0.05338709677419355,0.5093548387096775,0.43725806451612903,733.872148314,4.298866,61.819319,8162,customers/7415198088/campaigns/20258918572,PMax | Zombies - AU (tROAS 850 was 416),20258918572
2024-10-16,30,0.680759584378359,0.10892153350053745,0.21031888212110356,175.6388824,1.97588,31.33,305,customers/7415198088/campaigns/20393167110,S | Non-Brand - Features - AU (tROAS 360 was 320),20393167110
2024-10-16,55,0.02911306702775897,0.0999,0.8756939742721733,723.11509075,5.031377,40.332075,713,customers/7415198088/campaigns/20402832475,S | Non-Brand - Categories - AU (tROAS 800 was 320),20402832475
2024-10-16,412,0.02110485640683141,0.0999,0.9001,2003.57034932,31.199423,285.672539,3626,customers/7415198088/campaigns/20555597452,PMax | Exc. Swimwear - AU (tROAS 800 was 600),20555597452
2024-10-16,34,0.031525474376213954,0.0999,0.9001,0,0,26.36,2393,customers/7415198088/campaigns/21509225976,PMax | Swimwear - US (MCV),21509225976
2024-10-16,249,0.5343511450381679,0.41162654139753374,0.0540223135642983,2719.540713984,38.695232,135.636202,767,customers/7415198088/campaigns/21769637191,S | Brand - AU - SP (tCPA 6.60) Exp: (tROAS 810),21769637191
2024-10-16,25,0.23319148936170211,0.2774468085106383,0.48936170212765956,519.88,3,36.73,325,customers/7415198088/campaigns/21818609734,S | Non-Brand - Top Brands - AU (tROAS 520 was340)  Trial 390,21818609734
2024-10-15,170,0.22157996146435452,0.7302504816955684,0.04816955684007707,1425.686022982,31.057446,201.982694,424,customers/7415198088/campaigns/19565503,S | Brand - AU - SP (tROAS 810),19565503
2024-10-15,116,0.11289697908597986,0.29802478698683194,0.5890782339271883,601.815940224,6.437665,169.76,1542,customers/7415198088/campaigns/986628143,S | Non-Brand - Top Brands - AU (tROAS 520 was340),986628143
2024-10-15,22,0.4857427716849452,0.0999,0.446061814556331,151.91,2,51.95,348,customers/7415198088/campaigns/16214868412,S | Non-Brand - Swim Essentials - AU (tROAS 200 was150),16214868412
2024-10-15,340,0.000974745237040319,0.24034854526657806,0.7586767094963817,3206.739792957,22.957948,165.279707,19183,customers/7415198088/campaigns/18138683269,PMax | Swimwear - AU (tROAS 910 was780),18138683269
2024-10-15,111,0.04014833924540471,0.46243147371815546,0.49742018703643986,504.124780898,5,77.55336,7458,customers/7415198088/campaigns/20258918572,PMax | Zombies - AU (tROAS 850 was 416),20258918572
2024-10-15,46,0.4897372742200328,0.0999,0.41605090311986864,0,0,39.34,463,customers/7415198088/campaigns/20393167110,S | Non-Brand - Features - AU (tROAS 360 was 320),20393167110
2024-10-15,65,0.040908449710819576,0.10001410636196925,0.8590774439272112,251.79,4,49.18,725,customers/7415198088/campaigns/20402832475,S | Non-Brand - Categories - AU (tROAS 800 was 320),20402832475
2024-10-15,501,0.00005417411560756271,0.0999,0.9001,3166.014315072,30.574293,350.124476,5208,customers/7415198088/campaigns/20555597452,PMax | Exc. Swimwear - AU (tROAS 800 was 600),20555597452
2024-10-15,39,0.5535955874700801,0.0999,0.4003538349464044,0,0,67.646445,2563,customers/7415198088/campaigns/21509225976,PMax | Swimwear - US (MCV),21509225976
2024-10-15,333,0.44810905892700087,0.4520668425681618,0.0998240985048373,2973.36752188,42.123389,202.531541,1072,customers/7415198088/campaigns/21769637191,S | Brand - AU - SP (tCPA 6.60) Exp: (tROAS 810),21769637191
2024-10-14,118,0.09141274238227147,0.7451523545706371,0.1634349030470914,371.74219774,18.546707,214.63761,298,customers/7415198088/campaigns/19565503,S | Brand - AU - SP (tROAS 810),19565503
2024-10-14,105,0.2640806486960333,0.28774928774928776,0.4481700635546789,428.4230868,5.67522,166.87323,1314,customers/7415198088/campaigns/986628143,S | Non-Brand - Top Brands - AU (tROAS 520 was340),986628143
2024-10-14,29,0.6669565217391304,0.0999,0.24434782608695652,250.1367836,1.00164,54.84,310,customers/7415198088/campaigns/16214868412,S | Non-Brand - Swim Essentials - AU (tROAS 200 was150),16214868412
2024-10-14,538,0.0015618308688313978,0.2344005844270348,0.7640375847041339,3882.060749165,38.039683,330.942133,20100,customers/7415198088/campaigns/18138683269,PMax | Swimwear - AU (tROAS 910 was780),18138683269
2024-10-14,151,0.008840132069442966,0.46362764937693046,0.5275322185536265,1131.011940389,10.823455,79.82514,10438,customers/7415198088/campaigns/20258918572,PMax | Zombies - AU (tROAS 850 was 416),20258918572
2024-10-14,35,0.6705966416577349,0.12397284744551626,0.20543051089674885,80.06132574,0.500571,37.96,347,customers/7415198088/campaigns/20393167110,S | Non-Brand - Features - AU (tROAS 360 was 320),20393167110
2024-10-14,69,0.046501943364797335,0.10577456968350916,0.8477234869516935,708.205814388,4.520185,50.054,775,customers/7415198088/campaigns/20402832475,S | Non-Brand - Categories - AU (tROAS 800 was 320),20402832475
2024-10-14,502,0.00010816365160487818,0.0999,0.9001,2972.614280906,33.579868,334.938492,4740,customers/7415198088/campaigns/20555597452,PMax | Exc. Swimwear - AU (tROAS 800 was 600),20555597452
2024-10-14,41,0.09138767301549745,0.0999,0.8385780196379984,0,0,37.670093,3661,customers/7415198088/campaigns/21509225976,PMax | Swimwear - US (MCV),21509225976
2024-10-14,318,0.13522617901828682,0.4566891241578441,0.4080846968238691,1756.490089427,36.434619,160.458684,1004,customers/7415198088/campaigns/21769637191,S | Brand - AU - SP (tCPA 6.60) Exp: (tROAS 810),21769637191
2024-10-13,206,0.4912087912087912,0.4351648351648352,0.07362637362637363,364.1372614,50.104536,269.351005,481,customers/7415198088/campaigns/19565503,S | Brand - AU - SP (tROAS 810),19565503
2024-10-13,124,0.3248272195640617,0.2826510721247563,0.392521708311182,599.67215084,6.012486,172.38,1591,customers/7415198088/campaigns/986628143,S | Non-Brand - Top Brands - AU (tROAS 520 was340),986628143
2024-10-13,34,0.6418552036199096,0.0999,0.2667420814479638,274.84,4,52.06,409,customers/7415198088/campaigns/16214868412,S | Non-Brand - Swim Essentials - AU (tROAS 200 was150),16214868412
2024-10-13,986,0.007619210684016779,0.2844362640184916,0.7079445252974916,7067.673508495,82.314665,421.364164,29259,customers/7415198088/campaigns/18138683269,PMax | Swimwear - AU (tROAS 910 was780),18138683269
2024-10-13,116,0.00654278984559016,0.35802146035069354,0.6354357498037163,65.035602502,2.307955,51.68302,7447,customers/7415198088/campaigns/20258918572,PMax | Zombies - AU (tROAS 850 was 416),20258918572
2024-10-13,44,0.7214937286202965,0.10547320410490307,0.17303306727480045,69.94,1,38.57,373,customers/7415198088/campaigns/20393167110,S | Non-Brand - Features - AU (tROAS 360 was 320),20393167110
2024-10-13,80,0.22401259995153866,0.0999,0.6904531136418706,852.33499614,8.229731,54.18,710,customers/7415198088/campaigns/20402832475,S | Non-Brand - Categories - AU (tROAS 800 was 320),20402832475
2024-10-13,535,0.01035878068519018,0.0999,0.9001,2700.233795618,38.179355,413.791145,5284,customers/7415198088/campaigns/20555597452,PMax | Exc. Swimwear - AU (tROAS 800 was 600),20555597452
2024-10-13,39,0.16177549523110785,0.0999,0.7648569332355099,0,1,55.33,4427,customers/7415198088/campaigns/21509225976,PMax | Swimwear - US (MCV),21509225976
2024-10-13,222,0.5667888947092719,0.2833944473546359,0.1498166579360922,2772.98181608,49.498506,149.236603,600,customers/7415198088/campaigns/21769637191,S | Brand - AU - SP (tCPA 6.60) Exp: (tROAS 810),21769637191
2024-10-12,351,0.19794344473007713,0.7699228791773779,0.032133676092544985,1315.700516713,63.371751,205.550209,702,customers/7415198088/campaigns/19565503,S | Brand - AU - SP (tROAS 810),19565503
2024-10-12,105,0.2598193656794791,0.2852341944969544,0.4549464398235665,1208.801433053,8.214507,173.78037,1355,customers/7415198088/campaigns/986628143,S | Non-Brand - Top Brands - AU (tROAS 520 was340),986628143
2024-10-12,30,0.49219108865411115,0.0999,0.4333945796968305,111.92,1,52.27,328,customers/7415198088/campaigns/16214868412,S | Non-Brand - Swim Essentials - AU (tROAS 200 was150),16214868412
2024-10-12,407,0.00019332744144940345,0.24928192664604507,0.7505247459125055,1145.540272661,20.605736,230.231239,21625,customers/7415198088/campaigns/18138683269,PMax | Swimwear - AU (tROAS 910 was780),18138683269
2024-10-12,122,0.11311412974482671,0.3990097752951631,0.48787609496001016,662.89933355,5.787035,79.302127,8701,customers/7415198088/campaigns/20258918572,PMax | Zombies - AU (tROAS 850 was 416),20258918572
2024-10-12,39,0.6429404900816803,0.10676779463243874,0.25029171528588096,221.180732003,2.342261,38.35,366,customers/7415198088/campaigns/20393167110,S | Non-Brand - Features - AU (tROAS 360 was 320),20393167110
2024-10-12,69,0,0.10030506406345333,0.8996949359365467,109.95,3.366666,55.23,825,customers/7415198088/campaigns/20402832475,S | Non-Brand - Categories - AU (tROAS 800 was 320),20402832475
2024-10-12,619,0.025876397292863895,0.0999,0.8988734750632787,1897.876382082,30.124507,678.363543,7075,customers/7415198088/campaigns/20555597452,PMax | Exc. Swimwear - AU (tROAS 800 was 600),20555597452
2024-10-12,35,0.07156733234905586,0.0999,0.8471520708679773,0,0,47.66,2959,customers/7415198088/campaigns/21509225976,PMax | Swimwear - US (MCV),21509225976
2024-10-12,357,0.46217667154709613,0.4548560273304051,0.08296730112249878,1773.549762508,46.772992,213.096729,1017,customers/7415198088/campaigns/21769637191,S | Brand - AU - SP (tCPA 6.60) Exp: (tROAS 810),21769637191
2024-10-11,156,0.23647604327666152,0.6105100463678517,0.15301391035548687,376.1934718,26.830825,221.77031,453,customers/7415198088/campaigns/19565503,S | Brand - AU - SP (tROAS 810),19565503
2024-10-11,109,0.1431265716680637,0.2967309304274937,0.5601424979044426,1424.41836646,12.025087,162.35,1415,customers/7415198088/campaigns/986628143,S | Non-Brand - Top Brands - AU (tROAS 520 was340),986628143
2024-10-11,13,0.6211202283267927,0.0999,0.33178737067427755,109.89,2,50.32,133,customers/7415198088/campaigns/16214868412,S | Non-Brand - Swim Essentials - AU (tROAS 200 was150),16214868412
2024-10-11,204,0,0.2857401922263193,0.7142598077736807,1203.310406177,19.04787,84.451051,12098,customers/7415198088/campaigns/18138683269,PMax | Swimwear - AU (tROAS 910 was780),18138683269
2024-10-11,167,0.014849519574366712,0.3306598904153101,0.6544905900103232,1167.81787337,17.201602,88.548911,10007,customers/7415198088/campaigns/20258918572,PMax | Zombies - AU (tROAS 850 was 416),20258918572
2024-10-11,23,0.6328502415458938,0.0999,0.3002070393374741,215.095730981,1.613636,39.0954,194,customers/7415198088/campaigns/20393167110,S | Non-Brand - Features - AU (tROAS 360 was 320),20393167110
2024-10-11,56,0,0.0999,0.9001,89.94,1,39.69,695,customers/7415198088/campaigns/20402832475,S | Non-Brand - Categories - AU (tROAS 800 was 320),20402832475
2024-10-11,759,0.00017806069643989895,0.0999,0.9001,3577.70404613,37.599194,718.815379,7204,customers/7415198088/campaigns/20555597452,PMax | Exc. Swimwear - AU (tROAS 800 was 600),20555597452
2024-10-11,41,0.16046491456327522,0.0999,0.746031746031746,98.179591554,2,66.153245,2733,customers/7415198088/campaigns/21509225976,PMax | Swimwear - US (MCV),21509225976
2024-10-11,293,0.32057911065149947,0.41933815925542917,0.26008273009307137,1700.660647333,42.166857,215.599773,866,customers/7415198088/campaigns/21769637191,S | Brand - AU - SP (tCPA 6.60) Exp: (tROAS 810),21769637191
2024-10-10,155,0.1520979020979021,0.6643356643356644,0.18356643356643357,776.868503888,34.736096,223.000306,413,customers/7415198088/campaigns/19565503,S | Brand - AU - SP (tROAS 810),19565503
2024-10-10,133,0.05557842733635241,0.34129271305063813,0.6031288596130094,2058.973357552,12.589312,182.764719,1659,customers/7415198088/campaigns/986628143,S | Non-Brand - Top Brands - AU (tROAS 520 was340),986628143
2024-10-10,18,0.47264355362946914,0.0999,0.4647887323943662,0,1,50.58,237,customers/7415198088/campaigns/16214868412,S | Non-Brand - Swim Essentials - AU (tROAS 200 was150),16214868412
2024-10-10,218,0.0036704944680404803,0.25924178071417336,0.7370877248177862,1694.855076391,19.747455,109.636347,12156,customers/7415198088/campaigns/18138683269,PMax | Swimwear - AU (tROAS 910 was780),18138683269
2024-10-10,114,0,0.5284762193274766,0.4715237806725235,1433.999997891,14.217882,63.752791,8535,customers/7415198088/campaigns/20258918572,PMax | Zombies - AU (tROAS 850 was 416),20258918572
2024-10-10,31,0.487763915547025,0.0999,0.42178502879078694,360.045730981,2.227272,37.74,378,customers/7415198088/campaigns/20393167110,S | Non-Brand - Features - AU (tROAS 360 was 320),20393167110
2024-10-10,60,0.0014938751120406335,0.0999,0.9001,1164.859618215,6,49.9,603,customers/7415198088/campaigns/20402832475,S | Non-Brand - Categories - AU (tROAS 800 was 320),20402832475
2024-10-10,803,0.0005419619020855497,0.0999,0.9001,4091.66139957,61.794992,690.049145,7718,customers/7415198088/campaigns/20555597452,PMax | Exc. Swimwear - AU (tROAS 800 was 600),20555597452
2024-10-10,49,0.11867139632376653,0.11974631839191659,0.7615822852843169,10.79941436,0.135094,46.277169,3305,customers/7415198088/campaigns/21509225976,PMax | Swimwear - US (MCV),21509225976
2024-10-10,233,0.20476190476190476,0.5023809523809524,0.29285714285714287,1281.408812893,33.038568,217.493692,669,customers/7415198088/campaigns/21769637191,S | Brand - AU - SP (tCPA 6.60) Exp: (tROAS 810),21769637191
2024-10-09,150,0.17339312406576982,0.6547085201793722,0.17189835575485798,1165.83891205,16.509819,236.603727,487,customers/7415198088/campaigns/19565503,S | Brand - AU - SP (tROAS 810),19565503
2024-10-09,113,0.013166277341261414,0.2815884476534296,0.705245275005309,999.658428108,9.301666,170.95,1326,customers/7415198088/campaigns/986628143,S | Non-Brand - Top Brands - AU (tROAS 520 was340),986628143
2024-10-09,26,0.4489795918367347,0.0999,0.49621461487820934,230.000297881,2.472167,55.11,334,customers/7415198088/campaigns/16214868412,S | Non-Brand - Swim Essentials - AU (tROAS 200 was150),16214868412
2024-10-09,198,0,0.2966650074664012,0.7033349925335988,1444.755295415,16.751691,100.176108,13604,customers/7415198088/campaigns/18138683269,PMax | Swimwear - AU (tROAS 910 was780),18138683269
2024-10-09,161,0.020893113342898135,0.3238880918220947,0.6552187948350072,623.311796118,7.407769,87.71189,8286,customers/7415198088/campaigns/20258918572,PMax | Zombies - AU (tROAS 850 was 416),20258918572
2024-10-09,27,0.5694401000938379,0.0999,0.3687832342821395,0,1,41.07,396,customers/7415198088/campaigns/20393167110,S | Non-Brand - Features - AU (tROAS 360 was 320),20393167110
2024-10-09,70,0.0007787403874233427,0.0999,0.9001,401.46784679,5.206813,46.54,718,customers/7415198088/campaigns/20402832475,S | Non-Brand - Categories - AU (tROAS 800 was 320),20402832475
2024-10-09,496,0.00011676202231822655,0.0999,0.9001,2776.187185086,37.971993,359.496704,4315,customers/7415198088/campaigns/20555597452,PMax | Exc. Swimwear - AU (tROAS 800 was 600),20555597452
2024-10-09,37,0.00563406299067147,0.12367230072965733,0.8706936362796712,0,0,50.892652,3671,customers/7415198088/campaigns/21509225976,PMax | Swimwear - US (MCV),21509225976
2024-10-09,263,0.2235142118863049,0.4748062015503876,0.3016795865633075,1576.711418646,27.818642,244.966496,769,customers/7415198088/campaigns/21769637191,S | Brand - AU - SP (tCPA 6.60) Exp: (tROAS 810),21769637191
2024-10-08,175,0.49798792756539234,0.46981891348088534,0.03219315895372234,663.1095568,24.139864,165.873779,528,customers/7415198088/campaigns/19565503,S | Brand - AU - SP (tROAS 810),19565503
2024-10-08,121,0.27805160916207594,0.23746013337199187,0.48448825746593216,538.8145602,4.524525,172.42,1637,customers/7415198088/campaigns/986628143,S | Non-Brand - Top Brands - AU (tROAS 520 was340),986628143
2024-10-08,25,0.4878902421951561,0.0999,0.45373092538149234,371.627423296,2.972555,52.08,418,customers/7415198088/campaigns/16214868412,S | Non-Brand - Swim Essentials - AU (tROAS 200 was150),16214868412
2024-10-08,302,0.0005567102137767221,0.29973277909738716,0.699710510688836,1291.897825972,17.823154,131.605806,21123,customers/7415198088/campaigns/18138683269,PMax | Swimwear - AU (tROAS 910 was780),18138683269
2024-10-08,155,0.11589693728731162,0.3590666018473505,0.5250364608653378,1197.71106709,13.351125,79.2529,9110,customers/7415198088/campaigns/20258918572,PMax | Zombies - AU (tROAS 850 was 416),20258918572
2024-10-08,31,0.7134767836919592,0.0999,0.2351830879577199,0,2,40.91,272,customers/7415198088/campaigns/20393167110,S | Non-Brand - Features - AU (tROAS 360 was 320),20393167110
2024-10-08,75,0.03572110792741165,0.0999,0.9001,699.04584912,2.034896,51.4,923,customers/7415198088/campaigns/20402832475,S | Non-Brand - Categories - AU (tROAS 800 was 320),20402832475
2024-10-08,414,0,0.0999,0.9001,4124.183239159,28.769623,234.425738,2759,customers/7415198088/campaigns/20555597452,PMax | Exc. Swimwear - AU (tROAS 800 was 600),20555597452
2024-10-08,48,0.12737549946398988,0.11899425007309229,0.7536302504629179,0,0,50.0285,3706,customers/7415198088/campaigns/21509225976,PMax | Swimwear - US (MCV),21509225976
2024-10-08,215,0.600166251039069,0.3204488778054863,0.07938487115544472,1448.589869348,29.966157,255.211771,800,customers/7415198088/campaigns/21769637191,S | Brand - AU - SP (tCPA 6.60) Exp: (tROAS 810),21769637191
2024-10-07,125,0.4904330312185297,0.4179254783484391,0.09164149043303121,1044.949957895,17.32346,227.232425,425,customers/7415198088/campaigns/19565503,S | Brand - AU - SP (tROAS 810),19565503
2024-10-07,104,0.39518943170488535,0.20039880358923232,0.40441176470588236,838.926615944,6.9692,167.78255,1608,customers/7415198088/campaigns/986628143,S | Non-Brand - Top Brands - AU (tROAS 520 was340),986628143
2024-10-07,21,0.6695501730103807,0.0999,0.2697231833910035,3.84454844,0.029578,50.51,353,customers/7415198088/campaigns/16214868412,S | Non-Brand - Swim Essentials - AU (tROAS 200 was150),16214868412
2024-10-07,600,0.00030121778045526915,0.28335986918542105,0.7163389130341237,2064.52550774,21.113491,284.621749,34993,customers/7415198088/campaigns/18138683269,PMax | Swimwear - AU (tROAS 910 was780),18138683269
2024-10-07,118,0.006652126499454744,0.25125408942202837,0.7420937840785169,882.500490705,6.50698,57.574335,6376,customers/7415198088/campaigns/20258918572,PMax | Zombies - AU (tROAS 850 was 416),20258918572
2024-10-07,31,0.7707364815267923,0.0999,0.15561536579398091,461.81,3,39.31,301,customers/7415198088/campaigns/20393167110,S | Non-Brand - Features - AU (tROAS 360 was 320),20393167110
2024-10-07,73,0.2247158887856479,0.0999,0.7110999928525481,484.138927824,4.026627,53.55,904,customers/7415198088/campaigns/20402832475,S | Non-Brand - Categories - AU (tROAS 800 was 320),20402832475
2024-10-07,604,0.0003023717282434092,0.0999,0.9001,6020.573977669,49.884305,361.207539,4092,customers/7415198088/campaigns/20555597452,PMax | Exc. Swimwear - AU (tROAS 800 was 600),20555597452
2024-10-07,51,0.038136233197402204,0.0999,0.8658057695212203,0,0,44.250562,3880,customers/7415198088/campaigns/21509225976,PMax | Swimwear - US (MCV),21509225976
2024-10-07,202,0.5399659863945578,0.28188775510204084,0.17814625850340135,1244.878287619,23.069,198.50582,697,customers/7415198088/campaigns/21769637191,S | Brand - AU - SP (tCPA 6.60) Exp: (tROAS 810),21769637191
2024-10-06,163,0.39585870889159563,0.5164433617539586,0.0876979293544458,1338.06353786,21.780898,231.551822,448,customers/7415198088/campaigns/19565503,S | Brand - AU - SP (tROAS 810),19565503
2024-10-06,206,0.6016247700797057,0.3425812385039853,0.055793991416309016,632.86868796,6.507882,175.364415,2232,customers/7415198088/campaigns/986628143,S | Non-Brand - Top Brands - AU (tROAS 520 was340),986628143
2024-10-06,37,0.7003610108303249,0.0999,0.21463734821135544,0,1,58.91,520,customers/7415198088/campaigns/16214868412,S | Non-Brand - Swim Essentials - AU (tROAS 200 was150),16214868412
2024-10-06,651,0.0008986571494595219,0.31139754024700234,0.6877038026035381,2476.055533744,31.468684,330.958376,35815,customers/7415198088/campaigns/18138683269,PMax | Swimwear - AU (tROAS 910 was780),18138683269
2024-10-06,135,0.01324828263002944,0.4762839385017992,0.5104677788681714,1025.373384986,8.775761,80.160768,8923,customers/7415198088/campaigns/20258918572,PMax | Zombies - AU (tROAS 850 was 416),20258918572
2024-10-06,52,0.8041742286751361,0.10689655172413794,0.08892921960072596,89.9,3.27027,37.84,586,customers/7415198088/campaigns/20393167110,S | Non-Brand - Features - AU (tROAS 360 was 320),20393167110
2024-10-06,76,0.4782213406066617,0.0999,0.4430944706174064,760.577655,6.174743,55.4,955,customers/7415198088/campaigns/20402832475,S | Non-Brand - Categories - AU (tROAS 800 was 320),20402832475
2024-10-06,935,0.0011666820177458476,0.0999,0.9001,7776.351563869,69.006857,610.900473,7292,customers/7415198088/campaigns/20555597452,PMax | Exc. Swimwear - AU (tROAS 800 was 600),20555597452
2024-10-06,53,0.179813617151296,0.0999,0.7504201252737179,0,0,57.950001,3856,customers/7415198088/campaigns/21509225976,PMax | Swimwear - US (MCV),21509225976
2024-10-06,340,0.4544764795144158,0.3603945371775417,0.18512898330804248,1743.50444211,33.478294,268.030582,1002,customers/7415198088/campaigns/21769637191,S | Brand - AU - SP (tCPA 6.60) Exp: (tROAS 810),21769637191
2024-10-05,189,0.19937205651491366,0.6687598116169545,0.13186813186813187,851.436392584,33.063678,208.412794,524,customers/7415198088/campaigns/19565503,S | Brand - AU - SP (tROAS 810),19565503
2024-10-05,190,0.5014705882352941,0.38709150326797387,0.11143790849673203,1041.639820378,10.287348,175.28,2369,customers/7415198088/campaigns/986628143,S | Non-Brand - Top Brands - AU (tROAS 520 was340),986628143
2024-10-05,38,0.7243720298710116,0.0999,0.18194161575016973,0,1.088495,54.2,419,customers/7415198088/campaigns/16214868412,S | Non-Brand - Swim Essentials - AU (tROAS 200 was150),16214868412
2024-10-05,371,0,0.2806095821300581,0.7193904178699418,1449.48514078,18.780342,166.106683,23956,customers/7415198088/campaigns/18138683269,PMax | Swimwear - AU (tROAS 910 was780),18138683269
2024-10-05,144,0.007491010787055533,0.29304834198961244,0.699460647223332,705.84187633,10.305162,80.486989,8020,customers/7415198088/campaigns/20258918572,PMax | Zombies - AU (tROAS 850 was 416),20258918572
2024-10-05,41,0.7679099225897256,0.0999,0.16326530612244897,283.50810408,5.551398,41.5,497,customers/7415198088/campaigns/20393167110,S | Non-Brand - Features - AU (tROAS 360 was 320),20393167110
2024-10-05,102,0.22661150407046576,0.10443080208194315,0.6689576938475911,606.739999557,7.5,51.23,1567,customers/7415198088/campaigns/20402832475,S | Non-Brand - Categories - AU (tROAS 800 was 320),20402832475
2024-10-05,403,0.0003185486317577817,0.0999,0.9001,1872.306929074,35.572942,252.157977,4167,customers/7415198088/campaigns/20555597452,PMax | Exc. Swimwear - AU (tROAS 800 was 600),20555597452
2024-10-05,45,0.08055166899860083,0.0999,0.8240055966420148,86.646496325,1,52.177346,3159,customers/7415198088/campaigns/21509225976,PMax | Swimwear - US (MCV),21509225976
2024-10-05,389,0.29342105263157897,0.5719298245614035,0.13464912280701755,1283.985071464,43.740994,421.073198,1398,customers/7415198088/campaigns/21769637191,S | Brand - AU - SP (tCPA 6.60) Exp: (tROAS 810),21769637191
2024-10-04,206,0.10104011887072809,0.6552748885586924,0.2436849925705795,1811.278314346,39.291401,247.691934,514,customers/7415198088/campaigns/19565503,S | Brand - AU - SP (tROAS 810),19565503
2024-10-04,180,0.28006130695276577,0.3674237146440017,0.35251497840323254,741.211085393,7.241364,172.85,2637,customers/7415198088/campaigns/986628143,S | Non-Brand - Top Brands - AU (tROAS 520 was340),986628143
2024-10-04,34,0.7358979900583531,0.0999,0.18046250270153447,0,1,53.04,389,customers/7415198088/campaigns/16214868412,S | Non-Brand - Swim Essentials - AU (tROAS 200 was150),16214868412
2024-10-04,301,0,0.2807975615951232,0.7192024384048769,876.80858481,14.476091,121.73691,21230,customers/7415198088/campaigns/18138683269,PMax | Swimwear - AU (tROAS 910 was780),18138683269
2024-10-04,153,0.028311965811965812,0.1452457264957265,0.8264423076923076,959.67079094,12.610415,88.31875,6428,customers/7415198088/campaigns/20258918572,PMax | Zombies - AU (tROAS 850 was 416),20258918572
2024-10-04,52,0.7097621681415929,0.10453539823008849,0.1857024336283186,72.45,1.5,39.54,756,customers/7415198088/campaigns/20393167110,S | Non-Brand - Features - AU (tROAS 360 was 320),20393167110
2024-10-04,81,0.27838212025316456,0.0999,0.6229232594936709,1214.442845108,7.983589,51.03,1000,customers/7415198088/campaigns/20402832475,S | Non-Brand - Categories - AU (tROAS 800 was 320),20402832475
2024-10-04,264,0.00022836915874511148,0.0999,0.9001,599.154571457,21.562751,127.694594,2450,customers/7415198088/campaigns/20555597452,PMax | Exc. Swimwear - AU (tROAS 800 was 600),20555597452
2024-10-04,38,0.10594093406593406,0.0999,0.8015968406593407,0,0,54.82857,3299,customers/7415198088/campaigns/21509225976,PMax | Swimwear - US (MCV),21509225976
2024-10-04,362,0.16100365917407214,0.4924202822791427,0.34657605854678514,3322.62634023,52.974202,211.720989,1003,customers/7415198088/campaigns/21769637191,S | Brand - AU - SP (tCPA 6.60) Exp: (tROAS 810),21769637191